[
  {
    "id": 0,
    "fact": "All dogs can be traced back 40 million years ago to a weasel-like animal called the Miacis which dwelled in trees and dens. The Miacis later evolved into the Tomarctus, a direct forbear of the genus Canis, which includes the wolf and jackal as well as the dog."
  },
  {
    "id": 1,
    "fact": "Ancient Egyptians revered their dogs. When a pet dog would die, the owners shaved off their eyebrows, smeared mud in their hair, and mourned aloud for days."
  },
  {
    "id": 2,
    "fact": "Small quantities of grapes and raisins can cause renal failure in dogs. Chocolate, macadamia nuts, cooked onions, or anything with caffeine can also be harmful."
  },
  {
    "id": 3,
    "fact": "Apple and pear seeds contain arsenic, which may be deadly to dogs."
  },
  {
    "id": 4,
    "fact": "Rock star Ozzy Osborne saved his wife Sharon’s Pomeranian from a coyote by tackling ad wresting the coyote until it released the dog."
  },
  {
    "id": 5,
    "fact": "Dogs have sweat glands in between their paws."
  },
  {
    "id": 6,
    "fact": "In 2003, Dr. Roger Mugford invented the \"wagometer,\" a device that claims to interpret a dog’s exact mood by measuring the wag of its tail."
  },
  {
    "id": 7,
    "fact": "Dogs have three eyelids. The third lid, called a nictitating membrane or \"haw,\" keeps the eye lubricated and protected."
  },
  {
    "id": 8,
    "fact": "A dog’s shoulder blades are unattached to the rest of the skeleton to allow greater flexibility for running."
  },
  {
    "id": 9,
    "fact": "Puppies are sometimes rejected by their mother if they are born by cesarean and cleaned up before being given back to her."
  },
  {
    "id": 10,
    "fact": "The phrase \"raining cats and dogs\" originated in seventeenth-century England. During heavy rainstorms, many homeless animals would drown and float down the streets, giving the appearance that it had actually rained cats and dogs."
  },
  {
    "id": 11,
    "fact": "During the Middle Ages, Great Danes and Mastiffs were sometimes suited with armor and spiked collars to enter a battle or to defend supply caravans."
  },
  {
    "id": 12,
    "fact": "Pekingese and Japanese Chins were so important in the ancient Far East that they had their own servants and were carried around trade routes as gifts for kings and emperors. Pekingese were even worshipped in the temples of China for centuries."
  },
  {
    "id": 13,
    "fact": "The shape of a dog’s face suggests how long it will live. Dogs with sharp, pointed faces that look more like wolves typically live longer. Dogs with very flat faces, such as bulldogs, often have shorter lives."
  },
  {
    "id": 14,
    "fact": "After the fall of Rome, human survival often became more important than breeding and training dogs. Legends of werewolves emerged during this time as abandoned dogs traveling in packs commonly roamed streets and terrified villagers."
  },
  {
    "id": 15,
    "fact": "During the Middle Ages, mixed breeds of peasants’ dogs were required to wear blocks around their necks to keep them from breeding with noble hunting dogs. Purebred dogs were very expensive and hunting became the province of the rich."
  },
  {
    "id": 16,
    "fact": "The most dogs ever owned by one person were 5,000 Mastiffs owned by Kublai Khan."
  },
  {
    "id": 17,
    "fact": "The American Kennel Club, the most influential dog club in the United States, was founded in 1884."
  },
  {
    "id": 18,
    "fact": "The most popular male dog names are Max and Jake. The most popular female dog names are Maggie and Molly."
  },
  {
    "id": 19,
    "fact": "Scholars have argued over the metaphysical interpretation of Dorothy’s pooch, Toto, in the Wizard of Oz. One theory postulates that Toto represents Anubis, the dog-headed Egyptian god of death, because Toto consistently keeps Dorothy from safely returning home."
  },
  {
    "id": 20,
    "fact": "Weird dog laws include allowing police offers in Palding, Ohio, to bite a dog to quiet it. In Ventura County, California, cats and dogs are not allowed to have sex without a permit."
  },
  {
    "id": 21,
    "fact": "The first dog chapel was established in 2001. It was built in St. Johnsbury, Vermont, by Stephan Huneck, a children’s book author whose five dogs helped him recuperate from a serious illness."
  },
  {
    "id": 22,
    "fact": "Those born under the sign of the dog in Chinese astrology are considered to be loyal and discreet, though slightly temperamental."
  },
  {
    "id": 23,
    "fact": "In Iran, it is against the law to own a dog as a pet. However, if an owner can prove the dog is a guard or hunting dog, this restriction doesn’t apply. Muslim reticence concerning dogs is perhaps due to the fact that rabies has always been endemic in the Middle East."
  },
  {
    "id": 24,
    "fact": "The Mayans and Aztecs symbolized every tenth day with the dog, and those born under this sign were believed to have outstanding leadership skills."
  },
  {
    "id": 25,
    "fact": "The ancient Mbaya Indians of the Gran Chaco in South America believed that humans originally lived underground until dogs dug them up."
  },
  {
    "id": 26,
    "fact": "Plato once said that \"a dog has the soul of a philosopher.\" "
  },
  {
    "id": 27,
    "fact": "French poodles did not originate in France but in Germany \"poodle\" comes from the German pudel or pudelhund, meaning \"splashing dog\". Some scholars speculate the poodle’s puffs of hair evolved when hunters shaved the poodle for more efficient swimming, while leaving the pom-poms around the major joints to keep them warm."
  },
  {
    "id": 28,
    "fact": "The name of the dog on the Cracker Jacks box is Bingo. The Taco Bell Chihuahua is a rescued dog named Gidget."
  },
  {
    "id": 29,
    "fact": "The first dogs were self-domesticated wolves which, at least 12,000 years ago, became attracted to the first sites of permanent human habitation."
  },
  {
    "id": 30,
    "fact": "Dachshunds were bred to fight badgers in their dens."
  },
  {
    "id": 31,
    "fact": "Laika, a Russian stray, was the first living mammal to orbit the Earth, in the Soviet Sputnik spacecraft in 1957. Though she died in space, her daughter Pushnika had four puppies with President John F. Kennedy’s terrier, Charlie."
  },
  {
    "id": 32,
    "fact": "Dalmatians are completely white at birth."
  },
  {
    "id": 33,
    "fact": "The term \"dog days of summer\" was coined by the ancient Greeks and Romans to describe the hottest days of summer that coincided with the rising of the Dog Star, Sirius."
  },
  {
    "id": 34,
    "fact": "Alexander the Great is said to have founded and named a city Peritas, in memory of his dog."
  },
  {
    "id": 35,
    "fact": "In ancient Greece, kennels of dogs were kept at the sanctuary of Asclepius at Epidaurus. Dogs were frequently sacrificed there because they were plentiful, inexpensive, and easy to control. During the July 25 celebration of the kunophontis \"the massacre of dogs\", dog sacrifices were performed to appease the ancestors of Apollo’s son, Linos, who was devoured by dogs.."
  },
  {
    "id": 36,
    "fact": "Dog trainers in ancient China were held in high esteem. A great deal of dog domestication also took place in China, especially dwarfing and miniaturization."
  },
  {
    "id": 37,
    "fact": "The ancient religion Zoroastrianism includes in its religious text titled the Zend Avesta a section devoted to the care and breeding of dogs."
  },
  {
    "id": 38,
    "fact": "The earliest European images of dogs are found in cave paintings dating back 12,000 years ago in Spain."
  },
  {
    "id": 39,
    "fact": "The dog was frequently depicted in Greek art, including Cerberus, the three-headed hound guarding the entrance to the underworld, and the hunting dogs which accompanied the virgin goddess of the chase, Diana."
  },
  {
    "id": 40,
    "fact": "During the Renaissance, detailed portraits of the dog as a symbol of fidelity and loyalty appeared in mythological, allegorical, and religious art throughout Europe, including works by Leonardo da Vinci, Diego Velázquez, Jan van Eyck, and Albrecht Durer."
  },
  {
    "id": 41,
    "fact": "A puppy is born blind, deaf, and toothless."
  },
  {
    "id": 42,
    "fact": "The Basenji is the world’s only barkless dog."
  },
  {
    "id": 43,
    "fact": "A dog most likely interprets a smiling person as baring their teeth, which is an act of aggression."
  },
  {
    "id": 44,
    "fact": "The origin of amputating a dog’s tail may go back to the Roman writer Lucius Columella’s \"A.D. 4-70\"} assertion that tail docking prevented rabies. "
  },
  {
    "id": 45,
    "fact": "One of Shakespeare’s most mischievous characters is Crab, the dog belonging to Launce in the Two Gentlemen of Verona. The word \"watchdog\" is first found in The Tempest."
  },
  {
    "id": 46,
    "fact": "President Franklin Roosevelt created a minor international incident when he claimed he sent a destroyer to the Aleutian Islands just to pick up his Scottish Terrier, Fala, who had been left behind."
  },
  {
    "id": 47,
    "fact": "Within hours of the September 11, 2001, attack on the World Trade Center, specially trained dogs were on the scene, including German Shepherds, Labs, and even a few little Dachshunds."
  },
  {
    "id": 48,
    "fact": "It costs approximately $10,000 to train a federally certified search and rescue dog."
  },
  {
    "id": 49,
    "fact": "The smallest dog on record was a matchbox-size Yorkshire Terrier. It was 2.5\" tall at the shoulder, 3.5\" from nose tip to tail, and weighed only 4 ounces."
  },
  {
    "id": 50,
    "fact": "Hollywood’s first and arguably best canine superstar was Rin Tin Tin, a five-day-old German Shepherd found wounded in battle in WWI France and adopted by an American soldier, Lee Duncan. He would sign his own contracts with his paw print."
  },
  {
    "id": 51,
    "fact": "At the end of WWI, the German government trained the first guide dogs for war-blinded soldiers."
  },
  {
    "id": 52,
    "fact": "A dog can locate the source of a sound in 1/600 of a second and can hear sounds four times farther away than a human can."
  },
  {
    "id": 53,
    "fact": "Touch is the first sense the dog develops. The entire body, including the paws, is covered with touch-sensitive nerve endings."
  },
  {
    "id": 54,
    "fact": "Eighteen muscles or more can move a dog’s ear."
  },
  {
    "id": 55,
    "fact": "The names of 77 ancient Egyptian dogs have been recorded. The names refer to color and character, such as Blackie, Ebony, Good Herdsman, Reliable, and Brave One."
  },
  {
    "id": 56,
    "fact": "In Egypt, a person bitten by a rabid dog was encouraged to eat the roasted liver of a dog infected with rabies to avoid contracting the disease. The tooth of a dog infected with rabies would also be put in a band tied to the arm of the person bitten. The menstrual blood of a female dog was used for hair removal, while dog genitals were used for preventing the whitening of hair."
  },
  {
    "id": 57,
    "fact": "In early Christian tradition, Saint Christopher, the patron saint of travelers, is sometimes depicted with a dog’s head."
  },
  {
    "id": 58,
    "fact": "The oldest known dog bones were found in Asia and date as far back as 10,000 B.C. The first identifiable dog breed appeared about 9000 B.C. and was probably a type of Greyhound dog used for hunting."
  },
  {
    "id": 59,
    "fact": "There are an estimated 400 million dogs in the world."
  },
  {
    "id": 60,
    "fact": "The U.S. has the highest dog population in the world. France has the second highest."
  },
  {
    "id": 61,
    "fact": "Dog nose prints are as unique as human finger prints and can be used to identify them."
  },
  {
    "id": 62,
    "fact": "Bloodhound dogs have a keen sense of smell and have been used since the Middle Ages to track criminals."
  },
  {
    "id": 63,
    "fact": "It is much easier for dogs to learn spoken commands if they are given in conjunction with hand signals or gestures."
  },
  {
    "id": 64,
    "fact": "Dogs in a pack are more likely to chase and hunt than a single dog on its own. Two dogs are enough to form a pack."
  },
  {
    "id": 65,
    "fact": "Dogs can see in color, though they most likely see colors similar to a color-blind human. They can see better when the light is low."
  },
  {
    "id": 66,
    "fact": "Petting dogs is proven to lower blood pressure of dog owners."
  },
  {
    "id": 67,
    "fact": "Dogs have lived with humans for over 14,000 years. Cats have lived with people for only 7,000 years."
  },
  {
    "id": 68,
    "fact": "Zorba, an English mastiff, is the biggest dog ever recorded. He weighed 343 pounds and measured 8’ 3\" from his nose to his tail."
  },
  {
    "id": 69,
    "fact": "The average dog can run about 19 mph. Greyhounds are the fastest dogs on Earth and can run at speeds of 45 mph."
  },
  {
    "id": 70,
    "fact": "One female dog and her female children could produce 4,372 puppies in seven years."
  },
  {
    "id": 71,
    "fact": "The most popular dog breed in Canada, U.S., and Great Britain is the Labrador retriever."
  },
  {
    "id": 72,
    "fact": "Greyhounds appear to be the most ancient dog breed. \"Greyhound\" comes from a mistake in translating the early German name Greishund, which means \"old\" or \"ancient dog\" not from the color gray."
  },
  {
    "id": 73,
    "fact": "The oldest dog on record was an Australian cattle dog named Bluey who lived 29 years and 5 months. In human years, that is more than 160 years old."
  },
  {
    "id": 74,
    "fact": "Most experts believe humans domesticated dogs before donkeys, horses, sheep, goats, cattle, cats, or chickens."
  },
  {
    "id": 75,
    "fact": "A person standing still 300 yards away is almost invisible to a dog. But a dog can easily identify its owner standing a mile away if the owner is waving his arms."
  },
  {
    "id": 76,
    "fact": "Dogs with big, square heads and large ears \"like the Saint Bernard\"} are the best at hearing subsonic sounds."
  },
  {
    "id": 77,
    "fact": "Dogs can smell about 1,000 times better than humans. While humans have 5 million smell-detecting cells, dogs have more than 220 million. The part of the brain that interprets smell is also four times larger in dogs than in humans."
  },
  {
    "id": 78,
    "fact": "Some dogs can smell dead bodies under water, where termites are hiding, and natural gas buried under 40 feet of dirt. They can even detect cancer that is too small to be detected by a doctor and can find lung cancer by sniffing a person’s breath."
  },
  {
    "id": 79,
    "fact": "Dogs have a wet nose to collect more of the tiny droplets of smelling chemicals in the air."
  },
  {
    "id": 80,
    "fact": "Dogs like sweets a lot more than cats do. While cats have around only 473 taste buds, dogs have about 1,700 taste buds. Humans have approximately 9,000."
  },
  {
    "id": 81,
    "fact": "Different smells in the a dog’s urine can tell other dogs whether the dog leaving the message is female or male, old or young, sick or healthy, happy or angry."
  },
  {
    "id": 82,
    "fact": "Male dogs will raise their legs while urinating to aim higher on a tree or lamppost because they want to leave a message that they are tall and intimidating. Some wild dogs in Africa try to run up tree trunks while they are urinating to appear to be very large."
  },
  {
    "id": 83,
    "fact": "In Croatia, scientists discovered that lampposts were falling down because a chemical in the urine of male dogs was rotting the metal."
  },
  {
    "id": 84,
    "fact": "Dogs are about as smart as a two- or three-year-old child. This means they can understand about 150-200 words, including signals and hand movements with the same meaning as words."
  },
  {
    "id": 85,
    "fact": "Countess Karlotta Libenstein of Germany left approximately $106 million to her Alsatin, Gunther III, when she died in 1992."
  },
  {
    "id": 86,
    "fact": "A lost Dachshund was found swallowed whole in the stomach of a giant catfish in Berlin on July 2003."
  },
  {
    "id": 87,
    "fact": "In Australia, a man who was arrested for drug possession argued his civil rights were violated when the drug-sniffing dog nuzzled his crotch. While the judge dismissed the charges, they were later reinstated when a prosecutor pointed out that in the animal kingdom, crotch nuzzling was a friendly gesture."
  },
  {
    "id": 88,
    "fact": "The Beagle came into prominence in the 1300s and 1400s during the days of King Henry VII of England. Elizabeth I was fond of Pocket Beagles, which were only 9\" high."
  },
  {
    "id": 89,
    "fact": "The best dog to reportedly attract a date is the Golden Retriever. The worst is the Pit Bull."
  },
  {
    "id": 90,
    "fact": "The Akita is one of the most challenging dogs to own. Some insurance companies have even characterized it as the #1 \"bad dog\" and may even raise an Akita owner’s homeowner insurance costs."
  },
  {
    "id": 91,
    "fact": "The Beagle and Collie are the nosiest dogs, while the Akbash Dog and the Basenji are the quietest."
  },
  {
    "id": 92,
    "fact": "One survey reports that 33 of dog owners admit they talk to their dogs on the phone or leave messages on answering machines while they are away.."
  },
  {
    "id": 93,
    "fact": "Thirty percent of all Dalmatians are deaf in one or both ears. Because bulldogs have extremely short muzzles, many spend their lives fighting suffocation. Because Chihuahuas have such small skulls, the flow of spinal fluid can be restricted, causing hydrocephalus, a swelling of the brain."
  },
  {
    "id": 94,
    "fact": "The grief suffered after a pet dog dies can be the same as that experienced after the death of a person."
  },
  {
    "id": 95,
    "fact": "There are almost 5 million dog bites per year; children are the main victims. Dog bites cause losses of over $1 billion a year."
  },
  {
    "id": 96,
    "fact": "A person should never kick a dog facing him or her. Some dogs can bite 10 times before a human can respond."
  },
  {
    "id": 97,
    "fact": "The most intelligent dogs are reportedly the Border Collie and the Poodle, while the least intelligent dogs are the Afghan Hound and the Basenji."
  },
  {
    "id": 98,
    "fact": "One kind of Pekingese is referred to as a \"sleeve\" because it was bred to fit into a Chinese empress’ sleeves, which was how it was often carried around."
  },
  {
    "id": 99,
    "fact": "Is it a duck... or a dog? The Newfoundland breed has a water resistant coat and webbed feet. This dog was originally bred to help haul nets for fishermen and rescuing people at risk of drowning."
  },
  {
    "id": 100,
    "fact": "It pays to be a lap dog. Three dogs \"from First Class cabins!\" survived the sinking of the Titanic – two Pomeranians and one Pekingese."
  },
  {
    "id": 101,
    "fact": "A Beatles hit. It’s rumored that, at the end of the Beatles song, \"A Day in the Life,\" Paul McCartney recorded an ultrasonic whistle, audible only to dogs, just for his Shetland sheepdog."
  },
  {
    "id": 102,
    "fact": "Wow, check out those choppers! Puppies have 28 teeth and normal adult dogs have 42."
  },
  {
    "id": 103,
    "fact": "Chase that tail! Dogs chase their tails for a variety of reasons: curiosity, exercise, anxiety, predatory instinct or, they might have fleas! If your dog is chasing his tail excessively, talk with your vet."
  },
  {
    "id": 104,
    "fact": "Seeing spots? Or not...  Dalmatian puppies are pure white when they are born and develop their spots as they grow older."
  },
  {
    "id": 105,
    "fact": "Dogs do dream! Dogs and humans have the same type of slow wave sleep \"SWS\"} and rapid eye movement \"REM\" and during this REM stage dogs can dream. The twitching and paw movements that occur during their sleep are signs that your pet is dreaming"
  },
  {
    "id": 106,
    "fact": "No night vision goggles needed! Dogs’ eyes contain a special membrane, called the tapetum lucidum, which allows them to see in the dark."
  },
  {
    "id": 107,
    "fact": "Pitter patter. A large breed dog’s resting heart beats between 60 and 100 times per minute, and a small dog breed’s heart beats between 100-140. Comparatively, a resting human heart beats 60-100 times per minute."
  },
  {
    "id": 108,
    "fact": "If your dog’s acting funny, get out the umbrella! According to a Petside.com/Associated Press poll, 72 of dog owners believe their dog can detect when stormy weather is on the way."
  },
  {
    "id": 109,
    "fact": "It’s not a fever... A dog’s normal temperature is between 101 and 102.5 degrees Fahrenheit. How much do you know about dog health? Take our Doggy First Aid Quiz!"
  },
  {
    "id": 110,
    "fact": "Is something wet? Unlike humans who sweat everywhere, dogs only sweat through the pads of their feet."
  },
  {
    "id": 111,
    "fact": "Here’s looking at you. Dogs have three eyelids, an upper lid, a lower lid and the third lid, called a nictitating membrane or \"haw,\" which helps keep the eye moist and protected."
  },
  {
    "id": 112,
    "fact": "Americans love dogs! 44 of U.S. households have a dog, which equates to 55.3 million homes"
  },
  {
    "id": 113,
    "fact": "Move over Rover! 45 of dogs sleep in their owner’s bed \"we’re pretty sure a large percentage also hog the blankets!\" "
  },
  {
    "id": 114,
    "fact": "Why are dogs’ noses so wet? Dogs’ noses secrete a thin layer of mucous that helps them absorb scent. They then lick their noses to sample the scent through their mouth."
  },
  {
    "id": 115,
    "fact": "Yummy! Dogs have about 1,700 taste buds. Humans have approximately 9,000 and cats have around 473."
  },
  {
    "id": 116,
    "fact": "Watch that plate of cookies! A Dog’s sense of smell is 10,000 – 100,000 times more acute as that of humans."
  },
  {
    "id": 117,
    "fact": "It’s not so black and white. It’s a myth that dogs only see in black and white. In fact, it’s believed that dogs see primarily in blue, greenish-yellow, yellow and various shades of gray."
  },
  {
    "id": 118,
    "fact": "Did you hear that? Sound frequency is measured in Hertz \"Hz\"}. The higher the Hertz, the higher-pitched the sound. Dogs hear best at 8,000 Hz, while humans hear best at around 2,000 Hz."
  },
  {
    "id": 119,
    "fact": "Express yourself. Dogs’ ears are extremely expressive. It’s no wonder! There are more than a dozen separate muscles that control a dog’s ear movements."
  },
  {
    "id": 120,
    "fact": "Growing up. While the Chow Chow dogs are well known for their distinctive blue-black tongues, they’re actually born with pink tongues. They turn blue-black at 8-10 weeks of age."
  },
  {
    "id": 121,
    "fact": "Why do they do that? When dogs kick after going to the bathroom, they are using the scent glands on their paws to further mark their territory."
  },
  {
    "id": 122,
    "fact": "No, it’s not just to make themselves look adorable. Dogs curl up in a ball when they sleep due to an age-old instinct to keep themselves warm and protect their abdomen and vital organs from predators."
  },
  {
    "id": 123,
    "fact": "Dogs are capable of understanding up to 250 words and gestures, can count up to five and can perform simple mathematical calculations. The average dog is as intelligent as a two-year-old child."
  },
  {
    "id": 124,
    "fact": "Some stray Russian dogs have figured out how to use the subway system in order to travel to more populated areas in search of food."
  },
  {
    "id": 125,
    "fact": "Dogs don't enjoy being hugged as much as humans and other primates. Canines interpret putting a limb over another animal as a sign of dominance."
  },
  {
    "id": 126,
    "fact": "Two stray dogs in Afghanistan saved 50 American soliders. A Facebook group raised $21,000 to bring the dogs back to the US and reunite them with the soldiers."
  },
  {
    "id": 127,
    "fact": "The Beatles song \"A day in the Life\" has an extra high-pitched whistle, audible only to dogs. It was recorded by Paul McCartney for the enjoyment of his Shetland sheepdog."
  },
  {
    "id": 128,
    "fact": "This pup, Nesbit, earned over one million Delta airline miles in his life and had his own frequent flier card."
  },
  {
    "id": 129,
    "fact": "One of Michael Vick's former fighting dogs, Leo, went on to be a therapy dog who comforted dying children."
  },
  {
    "id": 130,
    "fact": "Service dogs are trained to know when they are on duty. When their harness is on, they know it's business time. When you take it off, the pups immediately become playful and energetic."
  },
  {
    "id": 131,
    "fact": "Tiger Woods stuttered as a child and used to talk to his dog until he fell asleep in an effort to get rid of it."
  },
  {
    "id": 132,
    "fact": "Seeing eye dogs pee and poo on command so that their owners can clean up after them. \"The command is usually \"Get busy!\" and pups will pace back and forth until they do their business. Male dogs are also trained to do their business without lifting their leg."
  },
  {
    "id": 133,
    "fact": "n ancient China, an emperor's last line of defense was a small Pekingese dog literally hidden up his sleeve."
  },
  {
    "id": 134,
    "fact": "When Lord Byron was informed that his dog was not allowed to come with him to Cambridge Trinity College, he retaliated by bringing a bear instead."
  },
  {
    "id": 135,
    "fact": "In 1860's San Francisco, two stray dogs who were best friends became local celebrities. Their exploits were celebrated in local papers and they were granted immunity from the city's dog catchers."
  },
  {
    "id": 136,
    "fact": "There is a dog-shaped building in New Zealand."
  },
  {
    "id": 137,
    "fact": "This dog, Naki'o, lost all of his legs to frostbite in Colorado, but now has four prosthetic legs and can run around like normal."
  },
  {
    "id": 138,
    "fact": "The wetness of a dog's nose is essential for determining what direction a smell is coming from."
  },
  {
    "id": 139,
    "fact": "Hyenas aren't actually dogs. They are more closely related to cats."
  },
  {
    "id": 140,
    "fact": "Spiked dog collars were invented in ancient Greece and were originally designed to protect dogs throats from wolf attacks."
  },
  {
    "id": 141,
    "fact": "Baks the blind boxer has a seeing eye goose named Buttons. Buttons the four-year-old goose leads her pup around everywhere either by hanging onto him with her neck, or by honking to tell him which way to go."
  },
  {
    "id": 142,
    "fact": "'Frito Feet' is the name of the phenomenon in which the bacteria on a dog's paws cause them to smell like corn chips. Because a pup's feet are in constant contact with the ground, they pick up tons of microorganisms in their paws. When dogs cool off by sweating through the pads of their feet, the combo of moisture and bacteria releaces a nutty, popcorn-like aroma. Basically it's dog B.O."
  },
  {
    "id": 143,
    "fact": "It is a myth that dogs are color blind. They can actually see in color, just not as vividly as humans. It is akin to our vision at dusk."
  },
  {
    "id": 144,
    "fact": "Dogs DO have better low-light vision than humans because of a special light-reflecting layer behind their retinas."
  },
  {
    "id": 145,
    "fact": "A German Shepherd guide dog led her blind companion the entire 2,100 mile Appalachian Trail."
  },
  {
    "id": 146,
    "fact": "If never spayed or neutered, a female dog, her mate, and their puppies could produce over 66,000 dogs in 6 years!"
  },
  {
    "id": 147,
    "fact": "Dogs’ only sweat glands are between their paw pads."
  },
  {
    "id": 148,
    "fact": "Like human babies, Chihuahuas are born with a soft spot in their skull which closes with age."
  },
  {
    "id": 149,
    "fact": "The breed Lundehune has 6 toes and can close its ears."
  },
  {
    "id": 150,
    "fact": "Teddy Roosevelt’s dog, Pete, ripped a French ambassador’s pants off at the White House."
  },
  {
    "id": 151,
    "fact": "President Lyndon Johnson had two beagles named Him and Her."
  },
  {
    "id": 152,
    "fact": "Franklin Roosevelt spent $15,000 for a destroyer to pick up his Scottie in the Aleutian Islands."
  },
  {
    "id": 153,
    "fact": "In Roman times, mastiffs donned light armor and were sent after mounted knights."
  },
  {
    "id": 154,
    "fact": "The Russians trained dogs during WWII to run suicide missions with mines strapped to their backs."
  },
  {
    "id": 155,
    "fact": "A dog’s mouth exerts 150–200 pounds of pressure per square inch with some dogs exerting up to 450 pounds per square inch."
  },
  {
    "id": 156,
    "fact": "A one year old dog is as physically mature as a 15 year old human."
  },
  {
    "id": 157,
    "fact": "The U.S. has the highest dog population in the world."
  },
  {
    "id": 158,
    "fact": "France has the 2nd highest dog population."
  },
  {
    "id": 159,
    "fact": "The average city dog lives 3 years longer than a country dog."
  },
  {
    "id": 160,
    "fact": "Eighty-seven percent of dog owners say their dog curls up beside them or at their feet while they watch T.V."
  },
  {
    "id": 161,
    "fact": "Dogs can be trained to detect epileptic seizures in humans."
  },
  {
    "id": 162,
    "fact": "Fifteen people die in the U.S. every year from dog bites."
  },
  {
    "id": 163,
    "fact": "In 2002 alone, more people in the U.S. were killed by dogs than by sharks in the past 100 years."
  },
  {
    "id": 164,
    "fact": "Gidget is the name of the Taco Bell dog."
  },
  {
    "id": 165,
    "fact": "Newfoundlands are great swimmers because of their webbed feet."
  },
  {
    "id": 166,
    "fact": "Basset Hounds cannot swim."
  },
  {
    "id": 167,
    "fact": "Greyhounds are the fastest dogs on earth, with speeds of up to 45 miles per hour."
  },
  {
    "id": 168,
    "fact": "Bingo is the name of the dog on the side of the Cracker Jack box."
  },
  {
    "id": 169,
    "fact": "The bible mentions dogs 14 times."
  },
  {
    "id": 170,
    "fact": "Three dogs survived the sinking of the Titanic: a Newfoundland, a Pomeranian, and a Pekingese."
  },
  {
    "id": 171,
    "fact": "The Labrador Retriever is the #1 favorite breed in the U.S., Canada, and the U.K."
  },
  {
    "id": 172,
    "fact": "Obesity is the #1 health problem among dogs."
  },
  {
    "id": 173,
    "fact": "An estimated 1,000,000 dogs in the U.S. have been named as the primary beneficiaries in their owner’s will."
  },
  {
    "id": 174,
    "fact": "An American Animal Hospital Association poll found that 33 of dog owners admit to talking to their dogs on the phone and leaving answering machine messages for them while away."
  },
  {
    "id": 175,
    "fact": "Dogs’ nose prints are as unique as a human’s finger prints, and can be used to accurately identify them."
  },
  {
    "id": 176,
    "fact": "At the end of the Beatles’ song \"A Day in the Life,\" a high-pitched dog whistle was recorded by Paul McCartney for his sheepdog."
  },
  {
    "id": 177,
    "fact": "Seventy percent of people sign their pet’s name on greeting and holiday cards."
  },
  {
    "id": 178,
    "fact": "Fifty-eight percent of people put pets in family and holiday portraits."
  },
  {
    "id": 179,
    "fact": "There are only 350 Cisky Terriers in the world, possibly making it the rarest breed."
  },
  {
    "id": 180,
    "fact": "The phrase \"raining cats and dogs\" originated in 17th century England when it is believed that many cats and dogs drowned during heavy periods of rain."
  },
  {
    "id": 181,
    "fact": "Dogs have no sense of time."
  },
  {
    "id": 182,
    "fact": "Humans have kept dogs as pets for over 12,000 years."
  },
  {
    "id": 183,
    "fact": "The largest breed of dog is the Irish Wolfhound."
  },
  {
    "id": 184,
    "fact": "The world’s smallest dog breed is the Chihuahua."
  },
  {
    "id": 185,
    "fact": "The St. Bernard is the heaviest dog breed."
  },
  {
    "id": 186,
    "fact": "Only dogs and humans have prostates."
  },
  {
    "id": 187,
    "fact": "Dogs do not have an appendix."
  },
  {
    "id": 188,
    "fact": "Every dog on earth likely descended from a species knows as the Tomarctus – a creature that roamed the earth over 15 million years ago."
  },
  {
    "id": 189,
    "fact": "The oldest known breed is likely the Saluki, originally trained by Egyptians to help them track game."
  },
  {
    "id": 190,
    "fact": "In 1957, Laika became the first living being in space via an earth satellite and JFK’s terrier, Charlie, fathered 4 puppies with Laika’s daughter."
  },
  {
    "id": 191,
    "fact": "An African wolf dog known as the Basenji is the only dog in the world that cannot bark."
  },
  {
    "id": 192,
    "fact": "There are 703 breeds of purebred dogs."
  },
  {
    "id": 193,
    "fact": "Dachshunds were originally bred for fighting badgers."
  },
  {
    "id": 194,
    "fact": "The world’s smartest dogs are thought to be \"1\" the Border Collie, \"2\" the Poodle, and \"3\" the Golden Retriever and the dumbest dog is believed to be the Afghan Hound."
  },
  {
    "id": 195,
    "fact": "A dog’s sense of smell is more than 100,000 times stronger than that of a human."
  },
  {
    "id": 196,
    "fact": "Dogs need a strong sense of smell because their eyesight is not as keen as a human’s."
  },
  {
    "id": 197,
    "fact": "Dogs judge objects first by their movement, then by their brightness, and lastly by their shape."
  },
  {
    "id": 198,
    "fact": "Chocolate contains a substance known as theobromine \"similar to caffeine\" which can kill dogs or, at the very least, make them violently ill."
  },
  {
    "id": 199,
    "fact": "George Washington had 36 dogs–all Foxhounds–with one named Sweetlips."
  },
  {
    "id": 200,
    "fact": "All dogs are identical in anatomy, with 321 bones and 42 permanent teeth."
  },
  {
    "id": 201,
    "fact": "Smaller breeds mature faster than larger breeds."
  },
  {
    "id": 202,
    "fact": "Female dogs are only ready to mate–\"in heat\"–twice a year for a total of roughly 20 days."
  },
  {
    "id": 203,
    "fact": "Puppies sleep 90 of the day for their first few weeks."
  },
  {
    "id": 204,
    "fact": "Rin Tin Tin was the first Hollywood dog star and he really signed his movie contracts – all 22 of them – with a paw-print."
  },
  {
    "id": 205,
    "fact": "Toto in The Wizard of Oz was played by a female Cairn Terrier named Terry."
  },
  {
    "id": 206,
    "fact": "A dog’s vision is not fully developed until after the first month."
  },
  {
    "id": 207,
    "fact": "Dogs have twice as many muscles to move their ears as people."
  },
  {
    "id": 208,
    "fact": "The longer a dog’s nose, the more effective it’s internal cooling system."
  },
  {
    "id": 209,
    "fact": "An elderly woman was saved by her 12-pound Yorkshire Terrier, who fought off an 80- pound Akita, and survived with only 9 stitches."
  },
  {
    "id": 210,
    "fact": "U.S. Customs dogs \"Rocky\" and \"Barco\" were so good at patrolling the border that Mexican drug lords put a $300,000 bounty on their heads."
  },
  {
    "id": 211,
    "fact": "Dogs are all direct descendants of wolves."
  },
  {
    "id": 212,
    "fact": "Wolves and dogs can mate to produce fertile offspring."
  },
  {
    "id": 213,
    "fact": "Female wolves have been known to travel great distances to regurgitate full meals for their hungry pups."
  },
  {
    "id": 214,
    "fact": "Cerberus was the tri-headed dog that guarded the underworld in Greek mythology."
  },
  {
    "id": 215,
    "fact": "A dog’s pregnancy lasts for approximately 60 days."
  },
  {
    "id": 216,
    "fact": "Dogs’ sense of hearing is more than ten times more acute than a human’s."
  },
  {
    "id": 217,
    "fact": "Humans can detect sounds at 20,000 times per second, while dogs can sense frequencies of 30,000 times per second."
  },
  {
    "id": 218,
    "fact": "The earliest dog fossil dates back to nearly 10,000 B.C."
  },
  {
    "id": 219,
    "fact": "Bloodhounds are prized for their ability to single out and identify a number of scents simultaneously."
  },
  {
    "id": 220,
    "fact": "Dalmatian puppies are born completely white."
  },
  {
    "id": 221,
    "fact": "The ancient Chinese carried Pekingese puppies in the sleeves of their robes."
  },
  {
    "id": 222,
    "fact": "Boxers are so named because of their manner of playing using their front paws."
  },
  {
    "id": 223,
    "fact": "All breeds of dog have been found to attack livestock, from 3-month-old puppies to 13-year-old poodles."
  },
  {
    "id": 224,
    "fact": "A dog’s heart beats up to 120 times per minute, or 50 faster than the average human heartbeat of 80 times per minute"
  },
  {
    "id": 225,
    "fact": "The oldest dog on record – a Queensland Heeler named Bluey – was 29 years, 5 months old."
  },
  {
    "id": 226,
    "fact": "Davy Crockett had a dog named Sport."
  },
  {
    "id": 227,
    "fact": "Dogs were first domesticated by cavemen."
  },
  {
    "id": 228,
    "fact": "Dogs live an average of 15 years."
  },
  {
    "id": 229,
    "fact": "Many foot disorders in dogs are simply an issue of too-long toenails."
  },
  {
    "id": 230,
    "fact": "More than 5,000,000 puppies are born in the U.S. every year."
  },
  {
    "id": 231,
    "fact": "More than 1 in 3 American families own a dog."
  },
  {
    "id": 232,
    "fact": "Average body temperature for a dog is 101.2 degrees."
  },
  {
    "id": 233,
    "fact": "The Girl Scouts and Boy Scouts both offer merit badges in dog care."
  },
  {
    "id": 234,
    "fact": "Dogs are natural pack animals."
  },
  {
    "id": 235,
    "fact": "Dogs are naturally submissive to any creature with higher pack status, human or canine."
  },
  {
    "id": 236,
    "fact": "Puppies’ eyes do not fully open until they’re about 12 days old."
  },
  {
    "id": 237,
    "fact": "Dogs with little human contact in the first three months typically don’t make good pets."
  },
  {
    "id": 238,
    "fact": "The Chihuahua was named after the state in Mexico where they were discovered."
  },
  {
    "id": 239,
    "fact": "The smallest known adult dog was a Yorkshire Terrier that was only 2.5 inches at the shoulder, and weighed only 4 ounces."
  },
  {
    "id": 240,
    "fact": "The largest dog was an English Mastiff who weighed 343 pounds."
  },
  {
    "id": 241,
    "fact": "In 2001, it was estimated that there are approximately 400 million dogs in the world."
  },
  {
    "id": 242,
    "fact": "In Old England, the word \"hound\" was used to refer to all types of dogs."
  },
  {
    "id": 243,
    "fact": "The process of birthing puppies is called \"whelping.\""
  },
  {
    "id": 244,
    "fact": "The famous nickname, \"man’s best friend,\" is used in many other languages as well as English."
  },
  {
    "id": 245,
    "fact": "Dog’s don’t see in black-and-white, they have 2 color receptors, and can see yellow and blue."
  },
  {
    "id": 246,
    "fact": "Dog’s definitely don’t see like hawks. They have very poor eyesight, but can distinguish movement 10-20 times better than humans."
  },
  {
    "id": 247,
    "fact": "Even with their poor eyesight, dogs can still see better at night than humans do."
  },
  {
    "id": 248,
    "fact": "Most dogs have 18 or more muscles to tilt, rotate, and move their ears."
  },
  {
    "id": 249,
    "fact": "While not the best when it comes to sight, dogs have a keen sense of hearing, and can hear sounds at 4 times the distance of humans."
  },
  {
    "id": 250,
    "fact": "At the age of 4 weeks, most dogs have developed the majority of their vocalizations."
  },
  {
    "id": 251,
    "fact": "Most dogs are capable of understanding up to 250 words and gestures."
  },
  {
    "id": 252,
    "fact": "A Border Collie named Chaser has learned the names of 1,022 toys, and can retrieve each by name."
  },
  {
    "id": 253,
    "fact": "Dogs can count up to five and can perform simple mathematical calculations."
  },
  {
    "id": 254,
    "fact": "The average dog is as intelligent as a two-year-old child."
  },
  {
    "id": 255,
    "fact": "It’s been demonstrated that dogs can reduce both physical and emotional anxiety."
  },
  {
    "id": 256,
    "fact": "Dogs have been used since the 1700’s for therapy."
  },
  {
    "id": 257,
    "fact": "Dogs with a flesh colored nose is said to have a \"Dudley Nose.\""
  },
  {
    "id": 258,
    "fact": "Pugs and other dogs with short muzzles have a peculiar head-type known as \"Brachycephalic.\""
  },
  {
    "id": 259,
    "fact": "Hound dogs and long-nosed dogs also have a unique name for their head-type: \"Dolichocephalic.\""
  },
  {
    "id": 260,
    "fact": "Dogs sleep for an average of 10 hours per day."
  },
  {
    "id": 261,
    "fact": "Dogs engage in rapid-eye-movement when they sleep, and have dreams just like humans do."
  },
  {
    "id": 262,
    "fact": "The World Canine Organization recognizes 339 breeds of dogs."
  },
  {
    "id": 263,
    "fact": "Analysis of the dog genome demonstrate only 4 major types of dogs: \"Old Lineage Dogs,\" \"Mastiff-type Dogs,\" \"Herding Dogs,\" and \"Modern Hunting Dogs\"."
  },
  {
    "id": 264,
    "fact": "Unlike cats, dogs are not exclusively carnivores: they can adapt to different foods, and a percentage of their diets can be fruits and vegetables."
  },
  {
    "id": 265,
    "fact": "The French Bulldog is incapable of reproducing naturally."
  },
  {
    "id": 266,
    "fact": "In addition to \"formal\" forms of dog training (operant conditioning, reinforcement, or classical conditioning), dogs are able to learn merely from observation."
  },
  {
    "id": 267,
    "fact": "The Saint Bernard gains its name from the \"Great St. Bernard Hospice;\" the monastery where Barry and other mountain dogs was raised by monks to rescue victims from the snowy Alps."
  },
  {
    "id": 268,
    "fact": "A Great Dane named \"Just Nuisance\" is the only dog to have officially enlisted in the Royal Navy."
  },
  {
    "id": 269,
    "fact": "When \"Bobbie,\" a Collie/Shepherd mix, was accidentally abandoned on a family vacation, he traveled 2,551 miles over six months to return to his home."
  },
  {
    "id": 270,
    "fact": "The are 4 constellations named after dogs."
  },
  {
    "id": 271,
    "fact": "The Golden Retriever, one of the most popular dog breeds, was first bred in Scotland in the mid 1800s."
  },
  {
    "id": 272,
    "fact": "A couple presidential dogs were Golden Retrievers: \"Liberty,\" the presidential dog of Gerald Ford, and \"Victory,\" Ronald Reagan’s dog."
  },
  {
    "id": 273,
    "fact": "Flyball, a dog sport consisting of relays, hurdles, and ball retrieving, was developed in the late 60s, and the first tournament was held in 1983."
  },
  {
    "id": 274,
    "fact": "The current world record for a Flyball race is 14.413 seconds, set by the team \"Touch N Go\" of Las Vegas."
  },
  {
    "id": 275,
    "fact": "The Labrador Retriever has been the most popular dog breed since 1991."
  },
  {
    "id": 276,
    "fact": "The Labrador is so popular, in 2006 there were approximately 3-5 times more Labs as there were German Shepherds or Golden Retrievers."
  },
  {
    "id": 277,
    "fact": "One of the most famous Labrador Retrievers was \"Endal,\" an assistance dog recognized as the most decorated dog in the world."
  },
  {
    "id": 278,
    "fact": "Endal was the first dog to ride on the London Eye (the characteristic ferris wheel in London, England), and was also the first known dog to successfully use a ATM machine."
  },
  {
    "id": 279,
    "fact": "Two Labradors, Lucky and Flo, were the first dogs known for sniffing out pirated DVDs."
  },
  {
    "id": 280,
    "fact": "Search and Rescue dog training begin as games played while puppies."
  },
  {
    "id": 281,
    "fact": "Some Search and Rescue (SaR) Dogs are trained to sniff out humans 1/4 mile away or more."
  },
  {
    "id": 282,
    "fact": "Some dogs have shown remarkable ability to detect certain cancers."
  },
  {
    "id": 283,
    "fact": "A dog’s powerful sense of smell is frequently called upon to detect anything from mines and explosives to termites and bed bugs."
  },
  {
    "id": 284,
    "fact": "Conservationists have used dogs to find bumblebee hives in order to protect endangered species."
  },
  {
    "id": 285,
    "fact": "Puppies love games such as hide and seek! Hide, then call your pup's name so she can try to find you."
  },
  {
    "id": 286,
    "fact": "Dogs can learn more than 1000 words."
  },
  {
    "id": 287,
    "fact": "Big happy \"helicopter\" tail wagging is one sign of a really nice dog"
  },
  {
    "id": 288,
    "fact": "Upright, stiff, rapid tail movement is not wagging or \"friendly\" but indicates a dog who's rather excited and focused."
  },
  {
    "id": 289,
    "fact": "Puppies grow to half their body weight in the first four to five months!"
  },
  {
    "id": 290,
    "fact": "Puppies then take a year or more to gain the other half of their body weight."
  },
  {
    "id": 291,
    "fact": "Puppies can sleep 18 to 20 hours a day during that rapid body growth phase."
  },
  {
    "id": 292,
    "fact": "Dogs sometimes appear to smile -- much like humans -- with open mouth grinning. This may indicate a relaxed, submissive state."
  },
  {
    "id": 293,
    "fact": "Tired puppies get cranky just like little kids. If you have a fussy puppy, try nap time."
  },
  {
    "id": 294,
    "fact": "The fastest breed, the Greyhound, can run up to 44 miles per hour."
  },
  {
    "id": 295,
    "fact": "Perky-eared dogs hear sounds better than floppy-eared dogs."
  },
  {
    "id": 296,
    "fact": "There are about 400 million dogs in the world."
  },
  {
    "id": 297,
    "fact": "The Labrador Retriever is the most popular breed, according to the American Kennel Club."
  },
  {
    "id": 298,
    "fact": "There are hundreds of breeds of dogs."
  },
  {
    "id": 299,
    "fact": "The average dog lives 10 to 14 years."
  },
  {
    "id": 300,
    "fact": "In general, smaller breeds live longer than larger breeds."
  },
  {
    "id": 301,
    "fact": "The world's oldest breed, the Saluki, originated in Egypt around 329 B.C."
  },
  {
    "id": 302,
    "fact": "According to a study shared by Cornell University, dogs were domesticated between 9,000 and 34,000 years ago."
  },
  {
    "id": 303,
    "fact": "Thomas Jefferson helped enact a dog tax in Virginia, because he was annoyed that dogs were killing his sheep."
  },
  {
    "id": 304,
    "fact": "Stroking dogs and gazing into their eyes releases the \"feel good\" hormone oxytocin for both people and dogs."
  },
  {
    "id": 305,
    "fact": "Dogs are omnivores -- they eat meat, grains and vegetables."
  },
  {
    "id": 306,
    "fact": "The heaviest breed, the Mastiff, weighs about 200 pounds."
  },
  {
    "id": 307,
    "fact": "More than half of all U.S. presidents have owned dogs."
  },
  {
    "id": 308,
    "fact": "President Calvin Coolidge owned at least a dozen dogs."
  },
  {
    "id": 309,
    "fact": "Just like human fingerprints, no two dogs' nose prints are alike."
  },
  {
    "id": 310,
    "fact": "At about 6 inches, the Chihuahua is the shortest breed."
  },
  {
    "id": 311,
    "fact": "Irish Wolfhounds, the tallest breed, are 30 to 35 inches tall."
  },
  {
    "id": 312,
    "fact": "A Russian dog named Laika was the first animal in space, traveling around Earth in 1957."
  },
  {
    "id": 313,
    "fact": "Dogs who bark the most: Miniature Schnauzers, Cairn Terriers, Yorkshire Terriers, Fox Terriers and West Highland White Terriers."
  },
  {
    "id": 314,
    "fact": "Puppies have 28 teeth and adult dogs have 42."
  },
  {
    "id": 315,
    "fact": "The best age to bring a puppy home is 8 to 12 weeks."
  },
  {
    "id": 316,
    "fact": "Dogs can see best at dawn and dusk."
  },
  {
    "id": 317,
    "fact": "Dogs aren't colorblind but their eyes don't have receptors for red. They see in shades of black and white and also in shades of blue and yellow."
  },
  {
    "id": 318,
    "fact": "New puppies have heat sensors in their noses to help find their moms while their eyes and ears are closed."
  },
  {
    "id": 319,
    "fact": "A dog's sense of smell is reduced by up to 40 percent when he's overheated and panting."
  },
  {
    "id": 320,
    "fact": "Highly trainable dog breeds like Golden Retrievers, Labrador Retrievers, German Shepherds and Collies are more kid-friendly than some other breeds."
  },
  {
    "id": 321,
    "fact": "Bichons, Portuguese Water Dogs, Kerry Blue Terriers, Maltese and Poodles are all good choices if you have allergies since they shed less than other breeds."
  },
  {
    "id": 322,
    "fact": "More than one in three U.S. families owns a dog."
  },
  {
    "id": 323,
    "fact": "The average number of puppies in a litter is four to six."
  },
  {
    "id": 324,
    "fact": "There are nearly 14,000 animal shelters and rescue groups across North America."
  },
  {
    "id": 325,
    "fact": "Service dogs are recognized in the U.S. as \"necessary medical equipment.\""
  },
  {
    "id": 326,
    "fact": "Therapy dogs, who bring healing to individuals and families by visiting hospitals schools or retirement homes, differ from service dogs, who assist individuals who have disabilities."
  },
  {
    "id": 327,
    "fact": "The Newfoundland has a water-resistant coat and webbed feet."
  },
  {
    "id": 328,
    "fact": "As Disney's Cruella De Vil was aware, Dalmatian puppies are born pure white and develop spots as they grow older."
  },
  {
    "id": 329,
    "fact": "Dogs sweat through the pads of their feet."
  },
  {
    "id": 330,
    "fact": "Dogs have three eyelids, including one to keep their eyes moist and protected."
  },
  {
    "id": 331,
    "fact": "Chow Chows are born with pink tongues, which turn blue-black at 8 to 10 weeks."
  },
  {
    "id": 332,
    "fact": "Dogs are pack animals -- they don't enjoy being alone."
  },
  {
    "id": 333,
    "fact": "In ancient China, people kept warm by putting dogs up their sleeves."
  },
  {
    "id": 334,
    "fact": "Dogs who have been spayed or neutered live longer than intact dogs."
  },
  {
    "id": 335,
    "fact": "A bloodhound named Tigger holds the record for the longest ears, each measuring more than 13 inches."
  },
  {
    "id": 336,
    "fact": "Bingo is the name of the dog on the box of Cracker Jacks."
  },
  {
    "id": 337,
    "fact": "In 1969, Lassie was the first animal inducted into the Animal Hall of Fame."
  },
  {
    "id": 338,
    "fact": "The Alaskan Malamute can withstand temperatures as low as 70 degrees below zero."
  },
  {
    "id": 339,
    "fact": "Petting a dog can lower your blood pressure."
  },
  {
    "id": 340,
    "fact": "Stray dogs in Moscow have learned to ride the subway to find food."
  },
  {
    "id": 341,
    "fact": "Over half of dog owners include their dogs in annual holiday photos."
  },
  {
    "id": 342,
    "fact": "Although it was once illegal to keep dogs as pets in Iceland's capital city, the laws have been relaxed."
  },
  {
    "id": 343,
    "fact": "President Lyndon Johnson's beagles were named Him and Her."
  },
  {
    "id": 344,
    "fact": "One unspayed female dog, her mate and their puppies can produce 67,000 puppies in six years."
  },
  {
    "id": 345,
    "fact": "The Basenji is the only barkless dog."
  },
  {
    "id": 346,
    "fact": "Dogs are direct descendants of wolves."
  },
  {
    "id": 347,
    "fact": "Puppies are blind, deaf and toothless when born."
  },
  {
    "id": 348,
    "fact": "Dogs curl up to keep themselves warm and protect vital organs."
  },
  {
    "id": 349,
    "fact": "A dog's sense of smell is 10,000 times stronger than a human's."
  },
  {
    "id": 350,
    "fact": "The Norwegian Lundehund is the only dog with six toes on each foot."
  },
  {
    "id": 351,
    "fact": "Dogs can get jealous when their humans display affection toward someone or something else."
  },
  {
    "id": 352,
    "fact": "Dogs can be trained to detect cancer and other diseases in humans."
  },
  {
    "id": 353,
    "fact": "A dog's whiskers are used as sensing devices."
  },
  {
    "id": 354,
    "fact": "Three of the 12 dogs on the Titanic survived."
  },
  {
    "id": 355,
    "fact": "Your pup reaches his full size between 12 and 24 months."
  },
  {
    "id": 356,
    "fact": "The U.S. has the highest dog population in the world."
  },
  {
    "id": 357,
    "fact": "Rin Tin Tin was the first Hollywood dog star."
  },
  {
    "id": 358,
    "fact": "A dog's average body temperature is 101.2 degrees."
  },
  {
    "id": 359,
    "fact": "Many foot disorders in dogs are caused by long toenails."
  },
  {
    "id": 360,
    "fact": "The Boy Scouts and Girl Scouts both offer merit badges in dog care."
  },
  {
    "id": 361,
    "fact": "The Berger Picard, Miniature American Shepherd and Lagotto Romagnolo are the newest dog breeds recognized by the American Kennel Club in 2015."
  },
  {
    "id": 362,
    "fact": "Paul McCartney of the Beatles recorded a high pitched whistle at the end of \"A Day in the Life\" for his dog."
  },
  {
    "id": 363,
    "fact": "Max, Jake, Maggie and Molly are the most popular dog names."
  },
  {
    "id": 364,
    "fact": "Spiked dog collars were used to protect dogs' throats from wolf attacks in ancient Greece."
  },
  {
    "id": 365,
    "fact": "Walt Disney's family dog -- named Sunnee -- was the inspiration behind \"Lady and the Tramp.\""
  },
  {
    "id": 366,
    "fact": "Teams of dogs compete for the fastest time without errors in Flyball races."
  },
  {
    "id": 367,
    "fact": "A German Shepherd named Orient accompanied her blind owner Bill Irwin as he became the first blind person to through-hike the 2,100-mile Appalachian Trail in 1990."
  },
  {
    "id": 368,
    "fact": "Chihuahuas are born with soft spots in their skulls, just like human babies."
  },
  {
    "id": 369,
    "fact": "Mastiffs wore armor and were sent after mounted knights in Roman times."
  },
  {
    "id": 370,
    "fact": "National Geographic's Dr. Brady Barr measured a dog's average bite force at 320 pounds of pressure per square inch."
  },
  {
    "id": 371,
    "fact": "Dogs are mentioned in the Bible more than 35 times."
  },
  {
    "id": 372,
    "fact": "Obesity is the top health problem among dogs."
  },
  {
    "id": 373,
    "fact": "Dachshunds were originally bred to fight badgers."
  },
  {
    "id": 374,
    "fact": "President Theodore Roosevelt's Bull Terrier Pete ripped the pants off French Ambassador Jules Jusserand."
  },
  {
    "id": 375,
    "fact": "The Border Collie, Poodle and Golden Retriever are considered the world's smartest dog breeds."
  },
  {
    "id": 376,
    "fact": "Smaller breeds of dogs mature faster than larger breeds."
  },
  {
    "id": 377,
    "fact": "Dogs have twice as many muscles to move their ears as humans, if you're looking for unusual facts about dogs!"
  },
  {
    "id": 378,
    "fact": "Female dogs carry puppies for about nine weeks before birth."
  },
  {
    "id": 379,
    "fact": "Dogs are naturally submissive to any creature with a higher pack status."
  },
  {
    "id": 380,
    "fact": "The Chihuahua was named for the state in northwestern Mexico where they were discovered."
  },
  {
    "id": 381,
    "fact": "Dogs can be taught to count and solve simple math problems."
  },
  {
    "id": 382,
    "fact": "With love and a little patience, dogs can learn to walk backwards, salute and bow."
  },
  {
    "id": 383,
    "fact": "Pit bulls have been given a bad rap. BADRAP was started in the San Francisco Bay area on behalf of \"pit bulls and their people\" and was ranked nationally as a No. 1 high-impact nonprofit for animal welfare."
  },
  {
    "id": 384,
    "fact": "Revolutionary War soldiers sometimes brought their dogs with them into battle. Such was the case with George Washington and his dog, Sweetlips."
  },
  {
    "id": 385,
    "fact": "The American Water Spaniel was the first hunting breed developed to retrieve from boats."
  },
  {
    "id": 386,
    "fact": "Dogs have a ligament in the neck which allows them to conserve energy while running long distances following scent trails with their nose to the ground. Many other species have a similar ligament and it is called a Paddywhack."
  },
  {
    "id": 387,
    "fact": "Dogs evolved from an extinct wolf-like creature in Eurasia 40,000 years ago."
  },
  {
    "id": 388,
    "fact": "Some studies believe that dogs started to be domesticated 33,000 years ago."
  },
  {
    "id": 389,
    "fact": "Dogs belong to a biological family called the Canidae, a member of this family is called a canid. This is the origin of the adjective \"canine\" which means \"of or like a dog, relating to or characteristic of dogs\"."
  },
  {
    "id": 390,
    "fact": "Dogs have a very good sense of smell. The part of a dog’s brain that analyses smell is 40 times larger than a human’s and they can smell 1,000 to 10,000 times better than us."
  },
  {
    "id": 391,
    "fact": "About one-third of a dog’s brain is dedicated to smell."
  },
  {
    "id": 392,
    "fact": "The breed of dog with the best sense of smell is the bloodhound."
  },
  {
    "id": 393,
    "fact": "Dog noses are also very cute and easy to boop."
  },
  {
    "id": 394,
    "fact": "A dog could detect a teaspoon of sugar if you added it to an Olympic-sized swimming pool full of water."
  },
  {
    "id": 395,
    "fact": "Dogs can be trained to detect cancer in humans."
  },
  {
    "id": 396,
    "fact": "Some dogs can tell if a human is about to have an epileptic fit."
  },
  {
    "id": 397,
    "fact": "About 12 percent of the air that a dog breathes goes into a special area in the back of the nose that is dedicated to smelling."
  },
  {
    "id": 398,
    "fact": "A dog can both sniff and breathe at the same time."
  },
  {
    "id": 399,
    "fact": "Dogs know from which nostril a smell has entered."
  },
  {
    "id": 400,
    "fact": "Dogs can use their sense of smell to gauge our emotions, they can smell fear, anxiety, even sadness. This is because they can smell hormones such as adrenaline."
  },
  {
    "id": 401,
    "fact": "Police dogs can smell human bodies even when they are buried up to 3 meters in the ground."
  },
  {
    "id": 402,
    "fact": "Dogs see in colors of various shades of blue and yellow."
  },
  {
    "id": 403,
    "fact": "If you want a dog to see things in a green background the best color is blue."
  },
  {
    "id": 404,
    "fact": "Humans generally see better than dogs, but dogs see much better when there is low-light."
  },
  {
    "id": 405,
    "fact": "Dogs cannot distinguish between red and green as these colors would appear as shades of grey to a dog."
  },
  {
    "id": 406,
    "fact": "Dogs like to chew bones but cooked bones and bones that can splinter such as cooked chicken bones should not be given to dogs."
  },
  {
    "id": 407,
    "fact": "When dogs were evolving, bone marrow could sometimes form an important part of their diet."
  },
  {
    "id": 408,
    "fact": "Dogs often bury bones so that they can dig them up at some moment in the future when they are hungry."
  },
  {
    "id": 409,
    "fact": "Chocolate is poisonous to dogs because it contains theobromine."
  },
  {
    "id": 410,
    "fact": "Although dogs have some sweat glands in their feet, their principal way of losing heat when they are too hot is by panting."
  },
  {
    "id": 411,
    "fact": "When dogs have been doing a lot of exercise, they pant. It is not because they are out of breath like a human would be. Dogs have developed the method of losing heat by panting because sweating would not be very efficient due to all the fur."
  },
  {
    "id": 412,
    "fact": "The normal body temperature of a dog is 100.94 degrees Fahrenheit (38.3 Celsius) to 102.56 F (39.2 C) whereas human normal body temperature 98.6 F (37 C)."
  },
  {
    "id": 413,
    "fact": "Female dogs can get pregnant when their bodies undergo changes which make them receptive to male dogs. This is called being on heat or in estrus."
  },
  {
    "id": 414,
    "fact": "Male dogs know the female is in heat due to a smell emitted from the female dog."
  },
  {
    "id": 415,
    "fact": "Most dogs go in heat every 6 months and estrus lasts between 7 and 18 days."
  },
  {
    "id": 416,
    "fact": "When dogs copulate, it is very normal for them to get stuck together and it may last for up to 45 minutes."
  },
  {
    "id": 417,
    "fact": "Most vets recommend that female dogs don’t get pregnant until the third estrus."
  },
  {
    "id": 418,
    "fact": "Pregnancy can be prevented by spaying the female dog, this involves removing both the ovaries and the uterus."
  },
  {
    "id": 419,
    "fact": "Dogs don’t go into menopause and will continue to go on heat indefinitely unless they are spayed."
  },
  {
    "id": 420,
    "fact": "Male dogs have a bone in their penis."
  },
  {
    "id": 421,
    "fact": "Wolves and dogs can mate to produce fertile offspring."
  },
  {
    "id": 422,
    "fact": "Dogs normally have between one to sixteen or even more puppies."
  },
  {
    "id": 423,
    "fact": "It is not possible to know how many puppies a dog will have just by looking. The appearance can be very deceptive."
  },
  {
    "id": 424,
    "fact": "Puppies are born deaf and cannot hear until they are about 21 days old. The young are born small, blind and helpless and require a long period of parental care."
  },
  {
    "id": 425,
    "fact": "Most dogs have 42 teeth."
  },
  {
    "id": 426,
    "fact": "Corgi is Welsh for \"dwarf dog\"."
  },
  {
    "id": 427,
    "fact": "Greyhounds can reach a speed of up to 45 miles per hour."
  },
  {
    "id": 428,
    "fact": "The most popular breed of domestic dog in the US and the UK is the Labrador Retriever."
  },
  {
    "id": 429,
    "fact": "The border collie or sheep dog is often considered to be the most intelligent breed of dog some of them have been trained to recognize the words for up to 1,000 objects and retrieved them by verbal command."
  },
  {
    "id": 430,
    "fact": "Dogs can discriminate the emotional expressions of human faces."
  },
  {
    "id": 431,
    "fact": "The largest breed of dog is the Irish Wolfhound."
  },
  {
    "id": 432,
    "fact": "Dogs do not have an appendix. Why haven’t humans gotten rid of theirs yet?"
  },
  {
    "id": 433,
    "fact": "Dogs are all direct descendants of wolves."
  },
  {
    "id": 434,
    "fact": "A dog’s heart beats up to 120 times per minute, or 50 faster than the average human heartbeat of 80 times per minute."
  }
]
